N_Fiche,Client,Adresse,Date,Technicien,Modele_Diffuseur,Emplacement,Quantite_Livree,Nom_Parfum,Observations,Column1
17000,Moustache,Manzeh 5,24/01/2026,Houssem,Iceburg,Iaberg,,,Récuperation Diff (Iceburg) noir pour la reparation.,
17778,Hotel Diar El Andalous,Kantaoui,29/01/2026,Ghassen,,,,,Livraison 3 bouteilles 1L stock client,
17780,Boumiza Square,Sousse,29/01/2026,Ghassen,Zee300,-1,300ml,t.c,Changement de fréq = Diff +1 et Diff entre = 2-8,
17780,Boumiza Square,Sousse,29/01/2026,Ghassen,Zee600,+1,300ml,t.c,,
17780,Boumiza Square,Sousse,29/01/2026,Ghassen,Zee600,entrée,300ml,t.c,,
15947,Beppi,Manar City,17/01/2026,Ghassen,Aromair100,centre,300ml,Coco Vanille,,
16993,Meuble Karray,Soukra,23/01/2026,Ghassen,Astree,entree,,J.B,,
16993,Meuble Karray,Soukra,23/01/2026,Ghassen,Astree,+1,,J.B,,
16993,Meuble Karray,Soukra,23/01/2026,Ghassen,Astree,+2,,J.B,,
16981,SSTC,Lac 1,23/01/2026,Ghassen,Iceburg,entree,,M.B,changement du Prog Diff entree -> Freq: 2 - 10 / Plage d'horaire 9 -> 16,
16998,Guzel by Emna Fakher,Jardin Carthage,24/01/2026,Ghassen,Aromair500,,,,Récupération diff Spa Aromair500,
16982,Maison Porshe,La Goulette,23/01/2026,Ghassen,Zee300,entree,300ml,R.G,,
15916,Fnac,Marsa,14/01/2026,Ghassen,Zee300,entrée,450ml,Agrum,Changement freq Diff Zee300 = 1 - 3 d'après Mr ghoussoune,
15912,Table Espace,Sousse,13/01/2026,Ghassen & Houssem,Astree,entré,,F. Maé,,
15927,JC,GP9,15/01/2026,Houssem,Iceburg,RDC,,Cologne,,
16985,Focus,Marsa,23/01/2026,Houssem,Astree,CEN,,Myrrhe,Changement parfum a la production,
17755,Enzo,Menzah 5,26/01/2026,Ghassen,Tour,entree,90ml,Fe2,Changement fréquence = 30 - 300,
17764,Red Castle,Menzah 5,27/01/2026,Ghassen,Iceburg,entrée,300ml,R.G,,
15935,Pharmacie de Nuit Maher Guiga,Bardo,15/01/2026,Houssem,Aromair100,Entree,300ml,Fe3,Changement plage => 11-14 / 16-21,
17774,Moustache,Menzah 5,28/01/2026,Houssem,Iceburg,entrée,300ml,Melange,Livraison Diff (Iceburg) + 300ml Melange,
15918,Centrale Tunisie,Lac 1,14/01/2026,Houssem,,,,,Changement Frais Diff (Entree D) et (entree G) = 1/5 min,
16980,Cabinet Mme Dachraoui Anissa,Lac 1,23/01/2026,Ghassen,Astree,entree,,BG,,
15949,Restaurant Red Castle,P. Marina,17/01/2026,Ghassen,Iceburg,entree,,R.G,Changement Plage Horaire 11:30 -> 16:30 / 18:30 -> 23:30,
15907,Boumiza Square,Sousse,13/01/2026,Ghassen & Houssem,Zee600,RDC,300ml,T.P,,
15907,Boumiza Square,Sousse,13/01/2026,Ghassen & Houssem,Zee600,Restaurant,300ml,T.P,,
15907,Boumiza Square,Sousse,13/01/2026,Ghassen & Houssem,Zee300,salle de jeux,300ml,T.P,,
15907,Boumiza Square,Sousse,13/01/2026,Ghassen & Houssem,Aromair100,WC,300ml,Fe3,,
17760,Dar Said,Sidi Bou Said,27/01/2026,,Aromair500,WC,450ml,Myrrh,,
17766,Be Babel,Marsa,27/01/2026,Ghassen,Zee300,entrée,900ml,T.S,,
15917,Darty,Marsa,14/01/2026,Ghassen,Zee300,Entrée,260ml,Agru,Changement fréq Diff (Entrée) = 1-3 d'après mme ghoussoune / Problème Prise courant diff entré Darty,
17777,Dr Skander Ben Gueder,Sousse,29/01/2026,Ghassen,Aromair150,entrée,300ml,F.C,Changement Fréqu de deux diff = 90 - 300,
17777,Dr Skander Ben Gueder,Sousse,29/01/2026,Ghassen,Aromair150,au fond,300ml,F.C,,
17765,Oishi,Soukra,27/01/2026,Ghassen,Astree,entrée,300ml,Agrume,,
15929,Spectra,Lac 3,15/01/2026,Houssem,Astree,entrée,,R.G,Commande confirmée 2 Bouteilles F.The,
15929,Spectra,Lac 3,15/01/2026,Houssem,Astree,+2,,F.The,,
15929,Spectra,Lac 3,15/01/2026,Houssem,Iceburg,-1,,F.The,,
15929,Spectra,Lac 3,15/01/2026,Houssem,Zee300,B.D,,B+,,
17756,Le Sportif,Soukra,26/01/2026,Ghassen,Aromair100,entrée,300ml,P.O,,
16990,Labo Dr Abir,Ennasr,23/01/2026,Ghassen,Aomair50,entrée,,Fe3,Changement Prog de deux Diff = 60 - 2/40,
16990,Labo Dr Abir,Ennasr,23/01/2026,Ghassen,Aromair150,au fond,,Fe3,,
17779,Med Chakroun,Hammam Sousse,29/01/2026,Ghassen,Zee300,entrée,300ml,TH,payment espéce,
15937,Beppi,Manar City,15/01/2026,Ghassen,Aromair100,entre,,C. Vanille,Commande conforme Bouteille 300 ml Coco Vanille,
15936,Pharmacie de Nuit Maher Guiga,Bardo,15/01/2026,Ghassen,Aromair100,Entrée,300ml,Fe3,,
15919,Clinique Alyssa,Lac 1,14/01/2026,Ghassen,,,,,A cause Réclamation le diff est fonctionné et en bonne état,
17771,Agence de voyage Cyrine Tours,CUN,28/01/2026,Ghassen,Astree,entrée,,TH,Changement fréq = 1-8,
15938,Enzo Mila,Manar City,15/01/2026,,Aromair100,entrée,,Fe2,commande confirmée 300 ml Fe2,
17769,Machewi 5 Etoiles,Borj Twil,28/01/2026,Ghassen,Zee300,Entrée,500ml,Melange,Changement Freq Diff au fond = 200/100,
17769,Machewi 5 Etoiles,Borj Twil,28/01/2026,Ghassen,Zee300,au fond,500ml,melange,,
17751,Arena Gym,Soukra,26/01/2026,Ghassen,Aromair100,entre,300ml,Melange,Changement Plage Horaire = 7:30 -> 12:30,
17775,Meubles Frikha,Kram,28/01/2026,Ghassen,Zee300,entree,300ml,Myrrh,Livraison diff Zee300 + 300 ml parfum Myrrh,
15950,Le Golf,Marsa,19/01/2026,Ghassen,Aromair100,WCF,150ml,Fig,,
15950,Le Golf,Marsa,19/01/2026,Ghassen,Aromair100,WCH,115ml,Fig,,
16986,Pmc Sidi daoud,Sidi daoud,23/01/2026,Ghassen,,,,,Reglage decalage Horaire,
17768,Bank Zitouna,Lac 2,28/01/2026,Ghassen,Astree,Reception 1,300ml,R.G,changement Prog Diff (R.C 1 & R.C 2) = 2/10 = 00 - 23:59 / Changement 3 têtes bouteille de 3 Diff.,
17768,Bank Zitouna,Lac 2,28/01/2026,Ghassen,Iceburg,Reception 2,300ml,Amber,,
16991,Equipement Concept,Soukra,23/01/2026,Houssem,Astree,+1,300ml,R.G,,
17785,Ooredoo,Sfax,30/01/2026,Ghassen,Centrale/CTA,WCF 14,300ml,T.B,,
17785,Ooredoo,Sfax,30/01/2026,Ghassen,Centrale/CTA,WCF 12,300ml,T.B,,
17785,Ooredoo,Sfax,30/01/2026,Ghassen,Zee300,entrée,300ml,B.U,,
17773,JC,Menzah 5,28/01/2026,Ghassen,Astree,entrée,300ml,C,,
15908,Clinique Ibn Kholdoun,Sousse,13/01/2026,Ghassen & Houssem,Zee300,R.C,150ml,J.B,livraison diff Aromair150 150 ml J.B,
15908,Clinique Ibn Kholdoun,Sousse,13/01/2026,Ghassen & Houssem,Zee300,R.DC,150ml,J.B,,
15908,Clinique Ibn Kholdoun,Sousse,13/01/2026,Ghassen & Houssem,Aromair150,+1,150ml,J.B,,
17783,Hotel Kantaoui,Kantaoui, Sousse,30/01/2026,Ghassen,Aromair150,WCF,300ml,P.O,
17783,Hotel Kantaoui,Kantaoui, Sousse,30/01/2026,Ghassen,Aromair150,WCH,300ml,P.O,
17783,Hotel Kantaoui,Kantaoui, Sousse,30/01/2026,Ghassen,Aromair150,WCHP,300ml,P.O,
17783,Hotel Kantaoui,Kantaoui, Sousse,30/01/2026,Ghassen,Aromair150,WCF P,300ml,P.O,
15949,Hotel Kantaoui,Kantaoui, Sousse,16/01/2026,,,,,Changement Emplacement Diff central (C+A Reception vers chambre standard),
15946,Tony Nasr,Jardin d'El Menzah,17/01/2026,Houssem,Aromair100,Entrée,,F.C,,
15943,Soquibat Group,Lac 1,17/01/2026,Ghassen,,,,,Changement Prog A saut dimanche de 8:00 jusqu'à 19:00,
17761,VIP Zona,Jardin Carthage,27/01/2026,Houssem,Iceburg,Entrée,,R.G,,
15931,Finopti TN,Charguia,15/01/2026,,,,,,Livraison des échantillons et cadeaux,
16989,Hotel Majestic,Tunis,23/01/2026,Houssem,Zee300,+1,300ml,Myrrhe,,
16951,Asteel Flash,Soukra,19/01/2026,Ghassen,Aromair100,RDC R,300ml,Fe3,,
16951,Asteel Flash,Soukra,19/01/2026,Ghassen,Aromair100,RDC Re,300ml,Fe3,,
16951,Asteel Flash,Soukra,19/01/2026,Ghassen,Aromair100,Hall,300ml,Fe3,,
16951,Asteel Flash,Soukra,19/01/2026,Ghassen,Aromair100,1 Re,300ml,F.C,,
16951,Asteel Flash,Soukra,19/01/2026,Ghassen,Aromair100,WC Re,300ml,J.B,,
16951,Asteel Flash,Soukra,19/01/2026,Ghassen,Aromair100,RDC B,300ml,Fe3,,
15920,Sunset Padel,Borj Louzir,14/01/2026,Ghassen,Zee300,Entrée,600ml,F.M,,
15920,Sunset Padel,Borj Louzir,14/01/2026,Ghassen,Aromair100,WCF,300ml,P.C,,
15920,Sunset Padel,Borj Louzir,14/01/2026,Ghassen,Aromair100,WCH,300ml,P.C,,
17784,Distry Cars,Sfax,30/01/2026,Ghassen,Astree,entrée,300ml,Fe2,,
15914,Dar Marsa,Marsa,14/01/2026,Ghassen & Houssem,Zee300,R.C,600ml,M.L,changement plage horaire = 8 -> 20h,
15948,Enzo Mila,Manar City,17/01/2026,Ghassen,Aromair100,entrée,300ml,Fe3,,
15932,Da Pietro,Jardin d'El Menzah,15/01/2026,Ghassen,Aromair100,Restaurant,300ml,R.U,,
17754,Dr Marwa Ben Amor,Bhar Lazrag,26/01/2026,,Iceburg,entrée,300ml,R.G,Livraison Diff Ice burg + 300 ml R.G / Réglage plage Horaire de 9h du matin jusqu a 15h sauf samedi et dim / Réglage Fréquence sur (2-5),
15934,Optique Vision,Jardin d'El Menzah,15/01/2026,Ghassen,Astree,entré,300ml,R.G,paiement espèce,
17752,Corail,Lac 2,26/01/2026,Ghassen,Tour,R.C,130ml,F.M,Changement Plage Horaire = 7:30 vers 20:30 valider par Mr Sami,
15926,Hamdi Workshop,Ennasr,14/01/2026,Ghassen,Aromair100,entre,300ml,J.B,commande confirme 300ml J.B (salle de maquillage),
16997,Artige,Lac 1,24/01/2026,Ghassen,Aromair100,entrée,110ml,Fe3,,
17782,Mall of Sousse,Sousse,30/01/2026,Houssem,Zephyr,WCH RDC,300ml,O.B,,
17782,Mall of Sousse,Sousse,30/01/2026,Houssem,Zephyr,WCF.RDC,300ml,O.B,,
17782,Mall of Sousse,Sousse,30/01/2026,Houssem,Zephyr,C. Mosaique,300ml,O.B,,
17782,Mall of Sousse,Sousse,30/01/2026,Houssem,Zephyr,WCF Mosq,300ml,O.B,,
17782,Mall of Sousse,Sousse,30/01/2026,Houssem,Zephyr,WCH Mosq,300ml,O.B,,
17782,Mall of Sousse,Sousse,30/01/2026,Houssem,Astree,Direction,300ml,O.B,,
17782,Mall of Sousse,Sousse,30/01/2026,Houssem,Aromair150,Mosq,300ml,Agrume,,
16992,Arena Gym,Soukra,24/01/2026,Houssem,Aromair100,Entrée,,mel,,
15922,Cabinet Dr. Haifa Chebbi,Bardo,14/01/2026,Houssem,Astree,Entrée,300ml,R.G,Récuperation 170 ml R.G à l'atelier.,
16952,Laico,Tunis,19/01/2026,,Zee300,13éme étage,,R.U,,
15939,Hotel Diar El Andalous,Sousse,16/01/2026,Ghassen,,,,,Changement Pompe CTA Bas + Douille et raccord / Changement fréq Diff chambre (Aromair150) -> 120-240 / Livraison deux Bouteilles 300 ml (échange) / Récupération bidon + ancien pompe,
17757,Oishi,Soukra,26/01/2026,Houssem,Astree,Entrée,,Agrume,Commande confirmée bouteille 300 ml Agrume,
15930,Clinique Kaynos,Lac 2,15/01/2026,Ghassen,Astree,+1,,Fe3,commande confirmée 2 bouteilles Fe3,
15930,Clinique Kaynos,Lac 2,15/01/2026,Ghassen,Astree,R.C,,Fe3,,
17786,Alia Megdiche,Sfax,30/01/2026,Ghassen,Aromair100,entrée,300ml,R.G,,
15941,Barista's,Aouina,17/01/2026,Ghassen,Aromair100,entrée,300ml,Black off,,
15925,Arena Gym,El Manar,14/01/2026,Ghassen,Aromair100,RDC,,Fe3,diff fermé par le personnel / changement Freq Diff (entree) = 2-6 min,
16999,Ceram Garden,GP9,24/01/2026,Ghassen,,,,,Récupération diff Zee300 + 13ml T.H -> diff is fonctionne en bonne état on a gardé la bouteille + le liquide de deux diff ceramique + deux cable BT chez le client,
16996,Concorde,Lac 1,24/01/2026,Houssem,,,,,Recuperation deux Diff (Astree) en pour Diagnostic et Reparation à l'atelier.,
17763,Slim Optic,Lac 1,27/01/2026,Ghassen,Iceburg,entrée,300ml,F.C,,
17763,Slim Optic,Lac 1,27/01/2026,Ghassen,Iceburg,au fond,300ml,F.C,,
17763,Slim Optic,Lac 1,27/01/2026,Ghassen,Iceburg,Vitrine,300ml,F.C,,
16979,JL Invest,Lac 2,23/01/2026,Ghassen,Astree,entrée,,R.G,,
16979,JL Invest,Lac 2,23/01/2026,Ghassen,Astree,salle reunion,,B.G,,
15933,Cafe Yucca,Jardin d'EL Menzah,15/01/2026,Ghassen,Aromair100,entrée,300ml,Fe3,changement de Freq Diff entre Aromair100 salon de thé Yuca (2-5) / Echange Diffiseur Zee300,
16983,Maison Volkswagen,La Goulettte,23/01/2026,Ghassen,Astree,R.DC,,F.the,,
16983,Maison Volkswagen,La Goulettte,23/01/2026,Ghassen,Astree,+ 1,,F.the,,
15924,Pharmacie de Nuit Maher Guiga,Bardo,14/01/2026,Houssem,Aromair100,Entrée,300ml,Fe2,commande confirmée bouteille 300 ml Fe2,
17767,JL Invest,Lac 2,28/01/2026,Ghassen,,,,,Nettoyage contour diff entrée + diff salle de réunion / Appliqué Aroma Flash à les Bouteilles de les diffs,
17776,Clinique Ibn Kholdoun,Sousse,29/01/2026,Ghassen & Houssem,Zee300,R.C,300ml,R.G,Reste 3 bouteille 300 R.G en stock chez le client,
17776,Clinique Ibn Kholdoun,Sousse,29/01/2026,Ghassen & Houssem,Zee300,R.DC,300ml,R.G,,
17776,Clinique Ibn Kholdoun,Sousse,29/01/2026,Ghassen & Houssem,Zee300,-1,300ml,R.G,,
17776,Clinique Ibn Kholdoun,Sousse,29/01/2026,Ghassen & Houssem,Aromair150,+1,300ml,R.G,,
17776,Clinique Ibn Kholdoun,Sousse,29/01/2026,Ghassen & Houssem,Zee300,+1,300ml,R.G,,
17776,Clinique Ibn Kholdoun,Sousse,29/01/2026,Ghassen & Houssem,Aromair150,Bureau.D,300ml,R.G,,
15915,Affaire A Suivre,Marsa,14/01/2026,Ghassen,Astree,entre,,F.The,Changement Freq diff entree => 2 - 10,
15945,Maison Karim,Jardins Carthage,17/01/2026,Ghassen,Iceburg,salon,,H.h,Livraison Diff Iceburg (salon) + 300 ml H.h,
16988,Poly Lighting,GP9,23/01/2026,Houssem,,,,,Récupération Diff (Entrée) a L'atelier pour la reparation + 26 ml F.B,
15921,Ooredoo,Charguia,14/01/2026,Ghassen,Zee300,entré,130ml,F.M,Changement tête Bouteille Diff 2éme étage (Aromair100),
15921,Ooredoo,Charguia,14/01/2026,Ghassen,Centrale/CTA,+2 D,55ml,T.B,,
15921,Ooredoo,Charguia,14/01/2026,Ghassen,Aromair100,+2 G,70ml,Fe 3,,
15923,Pharmacie Bardo,Bardo,14/01/2026,Houssem,Aromair100,Entrée,,Fe2,,
16987,Sodeco,GP9,23/01/2026,Houssem,Zee300,entré,,Melange,,
16953,M. Food & Drinks,Megrine,19/01/2026,,Iceburg,B.D,,T.H,on a laisse un mot chapeau du diff Bureau directeur a la prohaine visite,
15909,Clinique Ibn Kholdoun,Sousse,13/01/2026,Ghassen & Houssem,Astree,B.D,,R.G,"changement prog diff (Reception, RDC, +1, -1, B. directeur) = 12:00 -> 05:00 / 8 -> 12/13 -> 17:00 / Livraison diff Aromair150 + 150ml J.B (en stock client)",
15909,Clinique Ibn Kholdoun,Sousse,13/01/2026,Ghassen & Houssem,Zee300,B.D,,R.G,,
17753,Clinique Alyssa,Lac 1,26/01/2026,Ghassen,Zee600,entré,300ml,F.M,,
17762,Floralies,Lac 3,27/01/2026,,Zee600,Entrée,,F.Thé,,
15944,Clinique Kaynos,Lac 2,17/01/2026,Ghassen,Astree,entrée,300ml,Fe3,Payment espece,
17770,Machewi 5 Etoiles,Cabalet Ben Ammar,28/01/2026,Ghassen,Zee300,B.D.C,500ml,Melange,,
17770,Machewi 5 Etoiles,Cabalet Ben Ammar,28/01/2026,Ghassen,Zee300,B.D.E,500ml,Melange,,
16955,Edward's,Soukra,19/01/2026,Ghassen,Aromair100,entré,300ml,Myrrh,,
16955,Edward's,Soukra,19/01/2026,Ghassen,Aromair150,+1,200ml,Myrrh,,
16955,Edward's,Soukra,19/01/2026,Ghassen,Iceburg,entré,300ml,Myrrh,,
16955,Edward's,Soukra,19/01/2026,Ghassen,Iceburg,au fond,300ml,Myrrh,,
16954,Darty,Marsa,19/01/2026,Houssem,Zee600,Entrée,,Agrume,,
16954,Darty,Marsa,19/01/2026,Houssem,Aromair150,W.C,,F.the,,
16954,Darty,Marsa,19/01/2026,Houssem,Aromair100,+1,180ml,Agrume,Acheté Agrume + 1 litre F.the,
16994,Ceram Square,GP9,24/01/2026,Ghassen,,,,,Récupération diff Zee300 + 415ml T.H -> diff en bonne etat on a gardé la bouteille + le liquide de deux diff ceramique + deux cable R+G chez le client,
16984,Maison Audi,La Goulette,23/01/2026,Houssem,Zee300,entrée D,300ml,R.U,"changement Prog Diff entre -> 120-300 / changement Diff entre -> 20-300 / Stock client: 4 bouteilles (Tobacco Show), 3 bouteilles (Rouge Used)",
15928,Retaurant Safran,Lac 1,15/01/2026,Ghassen,Zee600,Entré,,P.O,changement Plage d'Horaire Diff entree => ( 9:00 -> 00:00 ),
17759,Zahia,Soukra,27/01/2026,Ghassen,Astree,entrée,150ml,F.O,Perfect!,
15994,Hertz,Charguia,12/01/2026,Houssem,Astree,Entrée,300ml,W.J,,
15993,Centre Livraison VW,Kram,12/01/2026,Houssem,Zee300,Reception,300ml,W.J,,
16038,Tony Nasr,GP9,05/01/2026,Houssem,Aromair100,Entrée,,Fez,,
15910,Hotel Kantaoui,Kantaoui, Sousse,13/01/2026,Ghassen & Houssem,,,,,Livraison 7 Bouteilles 1L parfum P.O pour hotel Kantaoui Bay en stock client (les sept Bouteilles sont cachetées)
15911,Hotel Diar El Andalous,Sousse,13/01/2026,Ghassen & Houssem,,,,,Livraison un bidon de CTA Bas hotel Diar Landalos en stock client,
15959,Pharmacie Sadri,Lac 2,01/01/2026,Ghassen,Zee300,entré,,R.G,Commande confirme Diff Entrée Zee300,
15960,Dr Fares,Lac 2,07/01/2026,Houssem,Astree,Entrée,,T.V,,
16040,BFI Siege2,Lac 1,05/01/2026,Houssem,Aromair150,+2,100ml,J.B,,
16042,Cabinet Avocat Bilel Touzri,Cite Olympique,05/01/2026,Houssem,Aromair150,Entrée,,b.r,,
16042,Cabinet Avocat Bilel Touzri,Cite Olympique,05/01/2026,Houssem,Aromair150,bureau A,,b.r,,
16044,Oishi,Soukra,05/01/2026,Ghassen,Astree,entré,300ml,Agrume,,
16033,Barista's,Aouina,03/01/2026,Houssem,,,,,Changement Freq Diff (WC) = 2/6,
16028,Skybar,Gammarth,03/01/2026,Houssem,Aromair100,Entrée,300ml,F.T,,
16000,Dar Zarrouk,Sidi Bou Said,03/01/2026,Ghassen,Zephyr,Rest,300ml,J.B,,
15902,Dar Marsa,Marsa,12/01/2026,Ghassen,Zee300,R.C,,F.W,changement Plage d'horaire => 8 - 18 -> 14:00 - 00:00 / Commande confirme pour 3 bouteille 300 ml F.W,
15904,Dr Marwa Ben Amor,Bhar Lazrag,12/01/2026,Ghassen,Iceburg,entrée,,C.L,Récuperation diff Ice burg Marron à l'atelier pour la réparation,
15988,Luxury Projects,Soukra,09/01/2026,,Iceburg,au fond,300ml,Fe3,,
15985,Cafe Bisou,Boumhal,09/01/2026,Ghassen,Zee300,entré,300ml,melange,Livraison diff Zee300 + 300 ml melange,
15998,Ooredoo,Lac 2,12/01/2026,Ghassen,Zee300,Boutique,300ml,B.U,,
16024,Arena Gym,El Manar,02/01/2026,Houssem,Aromair100,Entrée,300ml,Fe3,,
16047,Carlton Hotel,Tunis,06/01/2026,Ghassen,Aromair100,Rest,300ml,Melange,Livraison d'après le stock du client,
16047,Carlton Hotel,Tunis,06/01/2026,Ghassen,Aromair100,etage+3,300ml,Melange,,
15989,Saveurs de Carthage,Jardin Carthage,10/01/2026,Ghassen,Aromair100,entré,,Melange,"changement Plage d'horaire => 10:00 - 14:00 / 17:00 - 19:00, commande confirmée",
16031,Boutique LARA,Menzah7,03/01/2026,Houssem,Aromair150,entré,,b.r,,
16036,Century 21,Soukra,05/01/2026,Ghassen,Iceburg,Entrée,,Mel,demande echantillon pour changer de parfum,
15956,AF Collection,Soukra,06/01/2026,Houssem,Astree,RDC,,R.G,,
16034,Oishi,Soukra,05/01/2026,Houssem,Astree,Entrée,,Agrume,commande confirmée bouteille 300 ml Agrume,
16030,BFI Siege1,Lac 1,03/01/2026,Houssem,Aromair150,Reception,100ml,J.B,,
16030,BFI Siege1,Lac 1,03/01/2026,Houssem,Aromair150,+1,100ml,J.B,,
16030,BFI Siege1,Lac 1,03/01/2026,Houssem,Aromair150,+2,100ml,J.B,,
16030,BFI Siege1,Lac 1,03/01/2026,Houssem,Aromair150,+3,100ml,J.B,,
16045,Centre Boulbar,Riadh Landalous,06/01/2026,Houssem,Zee300,Entrée,,F.n,,
16045,Centre Boulbar,Riadh Landalous,06/01/2026,Houssem,Zee300,RDC,,F.n,,
16045,Centre Boulbar,Riadh Landalous,06/01/2026,Houssem,Zee300,+1,,f.n,,
15972,Vero Food,Lac 2,08/01/2026,Ghassen & Houssem,Centrale/CTA,central,300ml,F.M,,
15972,Vero Food,Lac 2,08/01/2026,Ghassen & Houssem,Centrale/CTA,sallon,300ml,F.M,,
15952,Lake Tower,Lac 2,06/01/2026,Ghassen,Astree,entrée,,cashmir,commande confirmée & Bouteille 300 ml cashmir,
15952,Lake Tower,Lac 2,06/01/2026,Ghassen,Iceburg,entrée D,,cashmir,,
15964,Geliamo,Marsa,07/01/2026,,Aromair150,Entree,,,-,Commande confirmée Diff (Entrée)
16023,Vision Store,Menzah4,02/01/2026,,Aromair100,Entree,300ml,F.O,,
16043,Brain Corner,Manar1,05/01/2026,Ghassen,Astree,entree,,F.M,,
15953,Love Yourself,Lac 2,06/01/2026,Ghassen,Aromair100,RDC,,B.R,,
15953,Love Yourself,Lac 2,06/01/2026,Ghassen,Aromair100,+1,,B.K,,
16039,Concorde,Lac 1,05/01/2026,,Aromair150,WCH -1,300ml,J.B,Livraison Diff Aromair150 + 300ml J.B,
16026,City Desk,Soukra,02/01/2026,,Zephyr,Entrée,300ml,mel,Paiement par chèque,
16021,HG Ykone,Lac 1,02/01/2026,,Zee300,+2,300ml,R.G,,
16021,HG Ykone,Lac 1,02/01/2026,,Astree,+1,300ml,R.G,,
16049,Cafe Bisou,Boumhal,06/01/2026,,Aromair150,entré,,B+,,
16049,Cafe Bisou,Boumhal,06/01/2026,,Aromair150,RDC,,B+,,
16019,Cupra,GP9,02/01/2026,,Astree,+1,300ml,R.G,,
16020,Affaire A Suivre,Marsa,02/01/2026,,,,,Livraison 5 bouteille 300 ml en stock client,,
15976,Cafe Bisou,Boumhal,08/01/2026,Houssem & Ghassen,Aromair100,WCH,,Fig,"On a trouvé le diff fermé, la pompe est fluide, on a trouvé la quantité du diffuseur est bonne. Aucun problème, on a suggerer au client de donner le mot de passe.",
15976,Cafe Bisou,Boumhal,08/01/2026,Houssem & Ghassen,Aromair100,WCF,,Fig,La Livraison Annuler. La carte du diff (WCF) est gratuit.,
16025,JC,Bardo,02/01/2026,,Astree,Entrée,300ml,cologne,,
15975,Geliamo,Marsa,08/01/2026,Ghassen & Houssem,Aromair150,Entrée,300ml,Derrigro,Livraison des echantillon,
15973,Cabinet Dr. Louati,Lac 2,08/01/2026,Ghassen & Houssem,,,,,Livraison des échantillons cabinet docteur louati,
15995,FINOPTI TN,Charguia,12/01/2026,Ghassen,Aromair150,entré,300ml,th,Livraison 3 Diff Aromair150 + 200 ml x 3 t.h,
15995,FINOPTI TN,Charguia,12/01/2026,Ghassen,Aromair150,+1 entré,300ml,th,,
15995,FINOPTI TN,Charguia,12/01/2026,Ghassen,Aromair150,au fond,300ml,th,,
15906,Poly Lighting,GP9,12/01/2026,Ghassen,Astree,entré,300ml,S.B,Commande du client,
15979,Ooredoo,Lac 2,10/01/2026,Ghassen,Zee300,entré BD,200ml,R.U,Récuperation 126ml R.U de diff bureau PDG a l'atelier,
15979,Ooredoo,Lac 2,10/01/2026,Ghassen,Centrale/CTA,C+A BD,300ml,Fe2,,
15979,Ooredoo,Lac 2,10/01/2026,Ghassen,Centrale/CTA,+2 BD,300ml,Fe2,,
15979,Ooredoo,Lac 2,10/01/2026,Ghassen,Zee300,RDC BG,185ml,R.U,,
15979,Ooredoo,Lac 2,10/01/2026,Ghassen,Zee300,B.PDG,300ml,G.B,,
15979,Ooredoo,Lac 2,10/01/2026,Ghassen,Aromair100,+2 BG,40ml,Fe2,,
15979,Ooredoo,Lac 2,10/01/2026,Ghassen,Centrale/CTA,+1 BG,300ml,Fe2,,
15991,Ooredoo DSC,Charguia,10/01/2026,Houssem,Zee300,RDC,300ml,F.M,"Changement flexible apres detection du fuite dans le circuit + deux raccords(Diff +1 w/c) / Changement deux têtes bouteille Boucher diff, t.c + C.m.c",
15991,Ooredoo DSC,Charguia,10/01/2026,Houssem,Centrale/CTA,+1c,230ml,Fe2,,
15991,Ooredoo DSC,Charguia,10/01/2026,Houssem,Centrale/CTA,+1 wc,76ml,Fe2,,
15991,Ooredoo DSC,Charguia,10/01/2026,Houssem,Centrale/CTA,+2 wc,49ml,T.B,,
15991,Ooredoo DSC,Charguia,10/01/2026,Houssem,Centrale/CTA,+2 wc,265ml,T.B,,
15992,Enzo,Menzah 5,10/01/2026,Ghassen,Tour,entre,,Fe3,,
16046,Labo Farah,Riadh Landalous,06/01/2026,Houssem,Aromair150,entree,,,-,
16050,Oriflame,Lac 3,06/01/2026,,Astree,entrée,300ml,F.C,,
15969,Concorde,Lac 1,08/01/2026,Ghassen & Houssem,Aromair150,WCH,300ml,J.B,"Livraison diff Aromair150, 300 ml parfum J.B = WCH / Client Besoin d'autre bouteille de parfum (anti humidite) pour le prochaine visite par nous",
15970,JL Invest,Lac 2,08/01/2026,Ghassen & Houssem,Astree,entrée,136ml,R.G,"Livraison diff Ice burg noir BT, 300 ml R.G / Changement program Diff entre 3-5 / changement Plage horaire Diff S.Réunion 8-19h / Récuperation deux Diff A50 + 268ml R.G",
15970,JL Invest,Lac 2,08/01/2026,Ghassen & Houssem,Astree,salle de reunion,,,,
15970,JL Invest,Lac 2,08/01/2026,Ghassen & Houssem,Iceburg,B.Directeur,300ml,R.G,,
16022,Business Hotel,Tunis,02/01/2026,,Zephyr,Reception,260ml,B.G,,
16022,Business Hotel,Tunis,02/01/2026,,Astree,+2,300ml,F.W,,
16022,Business Hotel,Tunis,02/01/2026,,Astree,+3,70ml,F.W,,
16022,Business Hotel,Tunis,02/01/2026,,Astree,+4,60ml,F.W,,
16022,Business Hotel,Tunis,02/01/2026,,Astree,+5,220ml,F.W,,
15977,Cafe Sophia,CUN,08/01/2026,,Astree,au fond,100ml,P.O,"Livraison diff Astree noir, 100 ml P.O (Version demo)",
15978,Hotel Majestic,Tunis,08/01/2026,,Astree,RC,300ml,Myrrhe,,
