Liste des clients,Liste des parfums,Liste des adresses ,Liste des modeles diffuseurs,Liste des Ref,Liste des noms des techniciens ,Liste des emplacements,Liste des references bouteilles
716,COSMOS(COS),Jardin Carthage,CTA,AFF,Bilel,SPA,Double (D)
716 CUN,MEL,Ennasr,Wifi,CPM,Ahmed,"""+2""",Simple (S)
716 Menzah6,FG,Millenium Marsa,Astree,BT,Mariem,Recep,SN
A Table Lac1,FC,Menzah8,Iceberg,WIFI,Houssem,WCF,Vrag (V)
A Table Marsa,FE2,Borj Louzir,Tour,,,RDC,
AF Collection Soukra,F.The,Omrane,Zee,,,"""+2""",
AFA Centre Menzah4,NO,GP5,Aromair100,,,Fond,
Alia Megdiche Lac2,FM,Charguia,Aomair50,,,Comptoir,
Alia Megdiche Sfax,ED,Bardo,,,,salle d'attente,
Ambiance D'Autrefois Sousse,AMBER,Alain Savary,,,,Boutique,
Ami Voyage Lafayette,NEROLI,Ben Arous,,,,"""-1""",
Angelo Menzah5,RG,Menzah4,,,,ENTREE G,
Arco Cerame Sfax,FIG,Gremda,,,,"""+1""",
Arena Gym El Manar,LINA (L),Lac2,,,,Salon, 
Arena Gym Soukra,VANILLE,GP8,,,,WCH,
Armani Mall Lac2,COCO,Aouina,,,,ENTREE,
ARS Ariana,FE3,Golf Gammarth,,,,ENTREE D,
ARS Tunisie Ariana,CASH,Chotrana,,,,Caisse,
Art de la table ,ARGUME,Sousse,,,,Recep D,
Arthephage Lac1,PC,Menzah6,,,,Recep G,
Asteel Flash,MELANGE,Millenium Marsa,,,,Cabine H,
Audi La Goulette,MR,Carrefour Marsa,,,,Cabine F,
AVS Aeroport,JB,Charles de Gaulle,,,,,
Barista's Aouina,FT,Foire Kram,,,,,
Barista's Ariana,OB,Ezzahra,,,,,
Barista's Bardo,ATOMIC,Mall Lac2,,,,,
Barista's Berges du Lac,TB,Place Pasteur,,,,,
Barista's Carthage Dermech,RU,Soukra,,,,,
Barista's CUN,WJ,La Goulette,,,,,
Barista's Jardin Carthage,,GP9,,,,,
Barista's Sousse,,Hammam Sousse,,,,,
Basma Ben Arous,,Cité Ezzouhour,,,,,
Baya Deco Marsa,,El Manar,,,,,
Bernardo Soukra,,Mnihla,,,,,
Bolzano Soukra,,CUN(Centre Urbain Nord),,,,,
Boumiza Square Sousse,,Sidi Bou Said,,,,,
Boutique ETIKETTE Hammamet,,Berges du Lac,,,,,
Business Hotel Tunis,,Sfax,,,,,
Buy Luxe Menzah 5,,Tunis,,,,,
Café Bey Hammem Lif,,Ghazela,,,,,
CalaTA_page_124_04,,Kram,,,,,
Camomile Gremda,,Lac3,,,,,
Camomile Soukra,,Manar City,,,,,
Carlton Hotel Tunis,,Raidh Landalous,,,,,
Centrale Tunisie Lac1,,Lac1,,,,,
Centre Livraison VW Kram,,Montplaisir,,,,,
Century 21 Ain Zaghouen Nord,,Marsa,,,,,
Century 21 CUN,,Carthage,,,,,
Century 21 Lac2,,Hammem Lif,,,,,
Century 21 Soukra,,Lafayette,,,,,
Century AZN ,,Menzah9,,,,,
Ceram Home GP9,,Ain Zaghouen Nord,,,,,
Ceram Garden GP9,,Megrine,,,,,
Ceram Mnihla,,Ain Zaghouen,,,,,
Ceram Square GP9,,Gammarth,,,,,
Ceru Place Pasteur,,Ariana,,,,,
Chattel Soukra,,Geant,,,,,
City Desk Soukra,,Nabeul,,,,,
City Loft Soukra,,Hammamet,,,,,
Clevory Charguia,,Jardin d'El Manzah,,,,,
Clinique Alyssa Lac1,,Menzah5,,,,,
Club NA Gammarth,,Sfax Kayed Mohamed,,,,,
Coin Beaute & SPA Menzah5,,Cité Olympique,,,,,
Comptoir Hammemi Mnihla,,Fouchena,,,,,
Convalescence Gammarth,,Menzah7,,,,,
Corail Lac2,,Borj Twil,,,,,
Cuisine d'or Soukra,,Cabalet Ben Ammar,,,,,
Cupra GP9,,Boumhal,,,,,
Da Pietro Jardin d'El Menzah,,Sfax EST,,,,,
Dar Said Sidi Bou Said,,Sfax OUEST,,,,,
Dar Zarrouk Sidi Bou Said,,Manar1,,,,,
Diamelle Lac1,,,,,,,
Diesel Mall Lac2,,,,,,,
Dorra Architecte Marsa,,,,,,,
Dr Ellouze Menzah6,,,,,,,
Dr Fares Lac2,,,,,,,
Dr Fodha Lac2,,,,,,,
Dr Hamdi Golf Gammarth,,,,,,,
Dr Lobna Khaldi Ariana,,,,,,,
Dr Molka Sallemi Jardin Carthage,,,,,,,
Dr Salem CUN,,,,,,,
Dr Slim Kassar Berges du Lac,,,,,,,
Dr Adel Soukni Marsa,,,,,,,
Dr Soussi Ain Zaghouen Nord,,,,,,,
Edward's Foire Kram,,,,,,,
Edward's Sfax Kayed Mohamed,,,,,,,
Edward's Soukra,,,,,,,
El Mnara Sidi Bou Said,,,,,,,
Energy Car Menzah6,,,,,,,
Enzo Ennasr,,,,,,,
Enzo Menzah5,,,,,,,
Enzo Menzah6,,,,,,,
Enzo Menzah8,,,,,,,
Epsilon Ain Zaghouen,,,,,,,
Equipement Concept Soukra,,,,,,,
Fial Alain Savary,,,,,,,
Floralies Lac3,,,,,,,
Floralies Marsa,,,,,,,
Floralies Soukra,,,,,,,
Focus Marsa ,,,,,,,
Frikha Concept,,,,,,,
Future Generation Aouina,,,,,,,
Galata Menzah9,,,,,,,
Game Production,,,,,,,
GAT Soukra,,,,,,,
Geox Carrefour Marsa,,,,,,,
Geox Geant,,,,,,,
Global Studies Lac2,,,,,,,
Groupe Mokni Megrine,,,,,,,
Halo Clinique Menzah9,,,,,,,
Hamdi Workshop  Ennasr,,,,,,,
Heni Menzah8,,,,,,,
HG Ykone Lac1,,,,,,,
"House of eve Ain Zaghouen
",,,,,,,
Imen ABBES,,,,,,,
Innov8 Ariana ,,,,,,,
ITDev Lac3,,,,,,,
Jazz Tour Sousse,,,,,,,
JC Bardo,,,,,,,
JC GP9,,,,,,,
JC Menzah5,,,,,,,
JL Invest Lac2,,,,,,,
Jouaillerie Fakhfakh Lac1,,,,,,,
Jouda Lac2,,,,,,,
Kantaoui Bey Sousse,,,,,,,
Khalaf Tours ,,,,,,,
Khaled Lagha Hammamet,,,,,,,
Kube Lac2,,,,,,,
Labo Farah Raidh Landalous,,,,,,,
Labo Melki CUN,,,,,,,
Labo Skouri Cité Ezzouhour,,,,,,,
Lac Tower,,,,,,,
Laico Tunis,,,,,,,
Lake Tower Lac2,,,,,,,
Le Golf Marsa,,,,,,,
Le Monde est Petit Jardin d'El Menzah,,,,,,,
Le Sportif Soukra,,,,,,,
Ligne roset Marsa,,,,,,,
Little Asia GP9,,,,,,,
Lord Soukra,,,,,,,
Luxury Projects Soukra,,,,,,,
LV Prod Ben Arous,,,,,,,
M&Co Megrine,,,,,,,
Ma Cuisine Soukra,,,,,,,
Machewi 5 Etoiles GP8,,,,,,,
Magro Charguia,,,,,,,
Maison Arous Soukra,,,,,,,
Mall of Sousse,,,,,,,
Marck Olivier Soukra,,,,,,,
Mariotte CUN,,,,,,,
MarkOlivier,,,,,,,
Med Chakroun Hammam Sousse,,,,,,,
Meuble Fekih Soukra,,,,,,,
Meuble Karray Soukra,,,,,,,
Mila Manar City,,,,,,,
Mme Charfi,,,,,,,
Maison Mme Dridi Soukra,,,,,,,
Mme Fatma Lac2,,,,,,,
Mme Kmar Jardin Carthage,,,,,,,
Mme Neila,,,,,,,
Mon Coin Manar,,,,,,,
Mon Coin Menzah9,,,,,,,
Mosutache Menzah5,,,,,,,
Mouradi Palace,,,,,,,
Movenpick Lac1,,,,,,,
Mr Mallouli ,,,,,,,
Multi Form Manouba,,,,,,,
New ART Gallery Ariana,,,,,,,
Novasore,,,,,,,
Novotel Lac2,,,,,,,
OACA,,,,,,,
Obioskin Menzah9,,,,,,,
Oishi Soukra,,,,,,,
Ooredoo,,,,,,,
Ooredoo DSC Charguia,,,,,,,
Ooredoo GP5,,,,,,,
Ooredoo Lac2,,,,,,,
Ooredoo Sfax,,,,,,,
Optivision 7t,,,,,,,
Optivision Jardin d'El Menzah,,,,,,,
Oriflame Kram,,,,,,,
Oriflame Lac3,,,,,,,
"Orna Farho Lac1 (Page134_04)
",,,,,,,
Padel Borj Louzir,,,,,,,
Padel Connection Ariana,,,,,,,
Padel Soukra,,,,,,,
Page_135_05,,,,,,,
Palma Soukra,,,,,,,
Pezzoli Aouina,,,,,,,
Pharmace Sadri Lac2,,,,,,,
Pharmacie Abid Tunis,,,,,,,
Pharmacie Emna ABBES,,,,,,,
Pharmacie Jihen Ghedas Sousse,,,,,,,
Pharmacie Maher Guiga Bardo,,,,,,,
Pharmacie Neffousi Marsa,,,,,,,
Pharmacie Sadri Lac2,,,,,,,
Pharmacie Shabo Hammem Lif,,,,,,,
Pharmacie Tabka,,,,,,,
Pharmacie Victoria Lac1,,,,,,,
Plac'Art Soukra,,,,,,,
Plaza Marsa,,,,,,,
Poltown Soukra,,,,,,,
Poly Lighting Tunis GP9,,,,,,,
Polyclinique Les Jasmins CUN,,,,,,,
Porshe Kram,,,,,,,
Porshe La Goulette,,,,,,,
Radisson Blu Tunis,,,,,,,
Red Castle Menzah5,,,,,,,
Renault Charguia,,,,,,,
Renault Montplaisir,,,,,,,
Renault Trucks,,,,,,,
Résdence Khadija Jardins Carthage,,,,,,,
Residence Khadija,,,,,,,
"Roche Bobois Soukra
",,,,,,,
Rooh El Medina Hammamet,,,,,,,
Saveurs de Carthage Jardin Carthage,,,,,,,
SCPC Mnihla,,,,,,,
Seat Charguia,,,,,,,
Siceram Soukra,,,,,,,
Skybar Gammarth,,,,,,,
Slim Optic Lac1,,,,,,,
Sogeplan Raoued,,,,,,,
Soquibat Lac1,,,,,,,
SPA Mahassen Sfax,,,,,,,
Spectra Kram,,,,,,,
Spectra Lac3,,,,,,,
SSTC,,,,,,,
Stia Ben Arous,,,,,,,
STMI Ghazela,,,,,,,
Strass Menzah5,,,,,,,
Sunset Lac1,,,,,,,
Synagogue Tunis,,,,,,,
TCA Tunis,,,,,,,
Terrazzino Ariana,,,,,,,
The Blue Megrine ,,,,,,,
The City Hammem Sousse,,,,,,,
The Corner ,,,,,,,
Tiffany Menzah5,,,,,,,
Tony Nasr GP9,,,,,,,
Tony Nasr Jardin d'El Menzah,,,,,,,
Tuniscount Nabeul,,,,,,,
Tuniscount Soukra,,,,,,,
Turquoise CUN,,,,,,,
Villa Didon Carthage,,,,,,,
Villa Misk Sidi Bou Said,,,,,,,
Violette Kram,,,,,,,
VIP Zona Jardin Carthage,,,,,,,
Vision Store Menzah4,,,,,,,
Volkswagen Showroom Charguia,,,,,,,
Volkswagen SAV Charguia,,,,,,,
YCR Studio GP9,,,,,,,
Zahia Soukra,,,,,,,
Zaia Soukra,,,,,,,
Zara VIP Jardin Carthage,,,,,,,
Zinia aouina,,,,,,,
Zitouna Bank Kram,,,,,,,
Zitouna Takaful Lac3 ,,,,,,,
Poliform Soukra,,,,,,,
"Natuzzi Italia Tunisie Soukra
",,,,,,,
Arezzo Italia Mobili Soukra,,,,,,,
Dr Salem Ain Zaghouen,,,,,,,
Geox Millenium Marsa,,,,,,,
Barista's Lac1,,,,,,,
La joie Charles de Gaulle,,,,,,,
Centre Maram Ezzahra,,,,,,,
Convergen Agency Lac3,,,,,,,
Be Babel Marsa,,,,,,,
Hotel Diar El Andalous Sousse,,,,,,,
Ecole Gautier Sousse,,,,,,,
Radisson Blu Sfax,,,,,,,
"l'Air du Temps Richard Sfax
",,,,,,,
Sicream Sfax,,,,,,,
Centre Mahassen Sfax,,,,,,,
Maitre Bilel Tazeni Cité Olympique,,,,,,,
Pharmacie Mariem Khemiri Fouchena,,,,,,,
Boutique LARA Menzah7,,,,,,,
Artige Lac1,,,,,,,
"Rivoli Restaurant Café Lac2
",,,,,,,
Maison Jasser Jardin Carthage,,,,,,,
ID & Partners Millenium Marsa,,,,,,,
"Café Yucca Jardin d'EL Menzah
",,,,,,,
Comptoir d'Optique Sousse,,,,,,,
La Rose Blanche Sousse,,,,,,,
Machewi 5 Etoiles Borj Twil,,,,,,,
Machewi 5 Etoiles Cabalet Ben Ammar,,,,,,,
Dar Marsa Marsa,,,,,,,
SoDeco Aouina,,,,,,,
Cafe Bisou Boumhal,,,,,,,
"Finopti TN Charguia
",,,,,,,
Ola Energy Sfax EST,,,,,,,
Ola Energy Sfax OUEST,,,,,,,
Manar City Manar,,,,,,,
"Beppi Manar City
",,,,,,,
Geliamo,,,,,,,
Table Espace Lac1,,,,,,,
Dr Oamr Maghroum Bizerte,,,,,,,
Heni Bizerte,,,,,,,
Wael Optique Mateur,,Bizerte,,,,,
Heni Soukra,,,,,,,
Machewi 5 Etoiles Mnihla,,Mateur,,,,,
Gerard Darel Lac1,,,,,,,
CDC Montplaisir,,,,,,,
Centre Wahiba Sousse,TH,,,,,,
Heni Marsa,,,,,,,
Heni Geant,,,,,,,
Make up For Ever Ennasr,,,,,,,
Ridotti Soukra,,,,,,,
Mme Nabli Ennaser,,,,,,,
Boudrant Admin Tunis,,,,,,,
Carré Douceur Lac1,,,,,,,
Concorde Lac1,,,,,,,
Forest Tunis,FO,,,,,,
Brain Corner Manar1,,,,,,,
Ryme Montplaisir,,,,,,,
"Kort linge de maison Soukra
",,,,,,,
Innova Power Megrine,,,,,,,